date,manufacturer,segment,brand,acv,price,sales_units
2023-03-24,GlaxoSniffKline,Adult,Parobontax,0.9886112210918371,12.771458760263878,2504
2023-03-24,GlaxoSniffKline,Adult,Sensofyne Quick Relief,0.0,17.61090824465712,0
2023-03-24,Precter & Jangle,Adult,Cwest Pro-Heels,0.8726479917001202,11.857831113635285,3051
2023-03-24,Precter & Jangle,Adult,Cwest Gum Detoxo,0.0,18.35739822450668,0
2023-03-24,Smolgate-Jalmolive,Adult,Smolgate Optic Wite,0.8492618911231624,10.84650217228941,747
2023-03-24,Smolgate-Jalmolive,Adult,Smolgate Sensotouch,0.8961514464486859,16.257885568486543,556
2023-03-24,GlaxoSniffKline,Kids,White Star,0.9380451485672154,18.100212493913723,524
2023-03-24,GlaxoSniffKline,Kids,Ninions,0.9627801504858772,17.01480067107265,1028
2023-03-24,Precter & Jangle,Kids,Cwest HyperMan,0.9102085644084367,10.930132038337565,764
2023-03-24,Precter & Jangle,Kids,Cwest Happy baby,0.0,11.211608333817678,0
2023-03-24,Smolgate-Jalmolive,Kids,Smolgate Total,0.8135876256160828,17.59144196566276,826
2023-03-24,Smolgate-Jalmolive,Kids,Smolgate Baby Wish,0.0,17.187911382583636,0
2023-03-31,GlaxoSniffKline,Adult,Parobontax,0.9022655105288105,12.771458760263878,2103
2023-03-31,GlaxoSniffKline,Adult,Sensofyne Quick Relief,0.0,17.61090824465712,0
2023-03-31,Precter & Jangle,Adult,Cwest Pro-Heels,0.9099267513952415,11.857831113635285,3357
2023-03-31,Precter & Jangle,Adult,Cwest Gum Detoxo,0.0,21.111007958182686,0
2023-03-31,Smolgate-Jalmolive,Adult,Smolgate Optic Wite,0.985300612484408,10.33000206884706,1007
2023-03-31,Smolgate-Jalmolive,Adult,Smolgate Sensotouch,0.9780887976566797,16.257885568486543,580
2023-03-31,GlaxoSniffKline,Kids,White Star,0.9784969953203717,19.05285525675129,529
2023-03-31,GlaxoSniffKline,Kids,Ninions,0.8090557572512003,17.01480067107265,754
2023-03-31,Precter & Jangle,Kids,Cwest HyperMan,0.8685599960295409,10.930132038337565,716
2023-03-31,Precter & Jangle,Kids,Cwest Happy baby,0.0,11.211608333817678,0
2023-03-31,Smolgate-Jalmolive,Kids,Smolgate Total,0.8659429113811398,17.59144196566276,1039
2023-03-31,Smolgate-Jalmolive,Kids,Smolgate Baby Wish,0.0,17.187911382583636,0
2023-04-07,GlaxoSniffKline,Adult,Parobontax,0.995248741079595,12.771458760263878,2513
2023-04-07,GlaxoSniffKline,Adult,Sensofyne Quick Relief,0.0,17.61090824465712,0
2023-04-07,Precter & Jangle,Adult,Cwest Pro-Heels,0.9693837755967896,13.043614224998812,3504
2023-04-07,Precter & Jangle,Adult,Cwest Gum Detoxo,0.0,18.35739822450668,0
2023-04-07,Smolgate-Jalmolive,Adult,Smolgate Optic Wite,0.8662803537824803,10.33000206884706,792
2023-04-07,Smolgate-Jalmolive,Adult,Smolgate Sensotouch,0.9044771755002612,16.257885568486543,539
2023-04-07,GlaxoSniffKline,Kids,White Star,0.8050276017110831,19.05285525675129,368
2023-04-07,GlaxoSniffKline,Kids,Ninions,0.8414356078612648,17.01480067107265,916
2023-04-07,Precter & Jangle,Kids,Cwest HyperMan,0.8156117251490521,12.5696518440882,473
2023-04-07,Precter & Jangle,Kids,Cwest Happy baby,0.0,11.211608333817678,0
2023-04-07,Smolgate-Jalmolive,Kids,Smolgate Total,0.8363562006086416,17.59144196566276,1064
2023-04-07,Smolgate-Jalmolive,Kids,Smolgate Baby Wish,0.0,17.187911382583636,0
2023-04-14,GlaxoSniffKline,Adult,Parobontax,0.8161672046953664,12.771458760263878,2020
2023-04-14,GlaxoSniffKline,Adult,Sensofyne Quick Relief,0.0,17.61090824465712,0
2023-04-14,Precter & Jangle,Adult,Cwest Pro-Heels,0.8678013310601485,11.857831113635285,3460
2023-04-14,Precter & Jangle,Adult,Cwest Gum Detoxo,0.0,18.35739822450668,0
2023-04-14,Smolgate-Jalmolive,Adult,Smolgate Optic Wite,0.8069683042006747,10.33000206884706,825
2023-04-14,Smolgate-Jalmolive,Adult,Smolgate Sensotouch,0.8412513754816653,16.257885568486543,532
2023-04-14,GlaxoSniffKline,Kids,White Star,0.9988870743753997,19.05285525675129,541
2023-04-14,GlaxoSniffKline,Kids,Ninions,0.8744202925003128,17.01480067107265,940
2023-04-14,Precter & Jangle,Kids,Cwest HyperMan,0.925799552351858,10.930132038337565,884
2023-04-14,Precter & Jangle,Kids,Cwest Happy baby,0.0,11.211608333817678,0
2023-04-14,Smolgate-Jalmolive,Kids,Smolgate Total,0.8857126628525362,18.4710140639459,1052
2023-04-14,Smolgate-Jalmolive,Kids,Smolgate Baby Wish,0.0,17.187911382583636,0
2023-04-21,GlaxoSniffKline,Adult,Parobontax,0.9214711662431024,12.771458760263878,2186
2023-04-21,GlaxoSniffKline,Adult,Sensofyne Quick Relief,0.0,17.61090824465712,0
2023-04-21,Precter & Jangle,Adult,Cwest Pro-Heels,0.948749819377062,11.857831113635285,3562
2023-04-21,Precter & Jangle,Adult,Cwest Gum Detoxo,0.0,18.35739822450668,0
2023-04-21,Smolgate-Jalmolive,Adult,Smolgate Optic Wite,0.83236933025697,10.33000206884706,728
2023-04-21,Smolgate-Jalmolive,Adult,Smolgate Sensotouch,0.9970028688423624,16.257885568486543,608
2023-04-21,GlaxoSniffKline,Kids,White Star,0.8934827838455042,19.05285525675129,377
2023-04-21,GlaxoSniffKline,Kids,Ninions,0.9921315618961937,17.01480067107265,1024
2023-04-21,Precter & Jangle,Kids,Cwest HyperMan,0.922936204557658,10.930132038337565,739
2023-04-21,Precter & Jangle,Kids,Cwest Happy baby,0.0,11.211608333817678,0
2023-04-21,Smolgate-Jalmolive,Kids,Smolgate Total,0.9107837646123216,17.59144196566276,1115
2023-04-21,Smolgate-Jalmolive,Kids,Smolgate Baby Wish,0.0,17.187911382583636,0
2023-04-28,GlaxoSniffKline,Adult,Parobontax,0.8752973166312931,12.771458760263878,2115
2023-04-28,GlaxoSniffKline,Adult,Sensofyne Quick Relief,0.0,17.61090824465712,0
2023-04-28,Precter & Jangle,Adult,Cwest Pro-Heels,0.9176258482002665,11.857831113635285,3518
2023-04-28,Precter & Jangle,Adult,Cwest Gum Detoxo,0.0,18.35739822450668,0
2023-04-28,Smolgate-Jalmolive,Adult,Smolgate Optic Wite,0.9632308189346271,10.33000206884706,941
2023-04-28,Smolgate-Jalmolive,Adult,Smolgate Sensotouch,0.8942693868537254,16.257885568486543,539
2023-04-28,GlaxoSniffKline,Kids,White Star,0.9788069403445192,19.05285525675129,535
2023-04-28,GlaxoSniffKline,Kids,Ninions,0.9524032738090842,17.01480067107265,1048
2023-04-28,Precter & Jangle,Kids,Cwest HyperMan,0.8661568126366904,10.930132038337565,696
2023-04-28,Precter & Jangle,Kids,Cwest Happy baby,0.0,11.211608333817678,0
2023-04-28,Smolgate-Jalmolive,Kids,Smolgate Total,0.8653103996597241,17.59144196566276,1032
2023-04-28,Smolgate-Jalmolive,Kids,Smolgate Baby Wish,0.0,17.187911382583636,0
2023-05-05,GlaxoSniffKline,Adult,Parobontax,0.9603802409554774,12.771458760263878,2354
2023-05-05,GlaxoSniffKline,Adult,Sensofyne Quick Relief,0.0,17.61090824465712,0
2023-05-05,Precter & Jangle,Adult,Cwest Pro-Heels,0.9028284904626936,11.857831113635285,3436
2023-05-05,Precter & Jangle,Adult,Cwest Gum Detoxo,0.0,18.35739822450668,0
2023-05-05,Smolgate-Jalmolive,Adult,Smolgate Optic Wite,0.8340582085411169,10.33000206884706,766
2023-05-05,Smolgate-Jalmolive,Adult,Smolgate Sensotouch,0.8874658849204188,16.257885568486543,548
2023-05-05,GlaxoSniffKline,Kids,White Star,0.8115641796093697,19.05285525675129,291
2023-05-05,GlaxoSniffKline,Kids,Ninions,0.9254051668107166,17.01480067107265,894
2023-05-05,Precter & Jangle,Kids,Cwest HyperMan,0.9839600555546387,10.930132038337565,871
2023-05-05,Precter & Jangle,Kids,Cwest Happy baby,0.0,11.211608333817678,0
2023-05-05,Smolgate-Jalmolive,Kids,Smolgate Total,0.929137089766256,15.832297769096483,1348
2023-05-05,Smolgate-Jalmolive,Kids,Smolgate Baby Wish,0.0,17.187911382583636,0
2023-05-12,GlaxoSniffKline,Adult,Parobontax,0.8349055625957335,13.410031698277074,1990
2023-05-12,GlaxoSniffKline,Adult,Sensofyne Quick Relief,0.0,17.61090824465712,0
2023-05-12,Precter & Jangle,Adult,Cwest Pro-Heels,0.9221894057873607,11.857831113635285,3824
2023-05-12,Precter & Jangle,Adult,Cwest Gum Detoxo,0.0,18.35739822450668,0
2023-05-12,Smolgate-Jalmolive,Adult,Smolgate Optic Wite,0.8501525097646303,10.33000206884706,861
2023-05-12,Smolgate-Jalmolive,Adult,Smolgate Sensotouch,0.814654689390251,16.257885568486543,472
2023-05-12,GlaxoSniffKline,Kids,White Star,0.8567304454143598,19.05285525675129,393
2023-05-12,GlaxoSniffKline,Kids,Ninions,0.9932995176014141,17.01480067107265,1247
2023-05-12,Precter & Jangle,Kids,Cwest HyperMan,0.9855083105049514,10.930132038337565,984
2023-05-12,Precter & Jangle,Kids,Cwest Happy baby,0.0,11.211608333817678,0
2023-05-12,Smolgate-Jalmolive,Kids,Smolgate Total,0.7642380964866503,17.59144196566276,822
2023-05-12,Smolgate-Jalmolive,Kids,Smolgate Baby Wish,0.0,17.187911382583636,0
2023-05-19,GlaxoSniffKline,Adult,Parobontax,0.9743270536194736,12.771458760263878,2470
2023-05-19,GlaxoSniffKline,Adult,Sensofyne Quick Relief,0.0,17.61090824465712,0
2023-05-19,Precter & Jangle,Adult,Cwest Pro-Heels,0.8909677004467133,11.857831113635285,3397
2023-05-19,Precter & Jangle,Adult,Cwest Gum Detoxo,0.014523621420602437,18.35739822450668,1
2023-05-19,Smolgate-Jalmolive,Adult,Smolgate Optic Wite,0.9990738698105921,10.33000206884706,1012
2023-05-19,Smolgate-Jalmolive,Adult,Smolgate Sensotouch,0.8860718883604566,16.257885568486543,585
2023-05-19,GlaxoSniffKline,Kids,White Star,0.9115603387176789,19.05285525675129,510
2023-05-19,GlaxoSniffKline,Kids,Ninions,0.8791263603570137,17.01480067107265,976
2023-05-19,Precter & Jangle,Kids,Cwest HyperMan,0.8733076239622045,10.930132038337565,847
2023-05-19,Precter & Jangle,Kids,Cwest Happy baby,0.0,11.211608333817678,0
2023-05-19,Smolgate-Jalmolive,Kids,Smolgate Total,0.7693144470908129,17.59144196566276,880
2023-05-19,Smolgate-Jalmolive,Kids,Smolgate Baby Wish,0.0,17.187911382583636,0
2023-05-26,GlaxoSniffKline,Adult,Parobontax,0.9087882782795473,12.771458760263878,2489
2023-05-26,GlaxoSniffKline,Adult,Sensofyne Quick Relief,0.0,17.61090824465712,0
2023-05-26,Precter & Jangle,Adult,Cwest Pro-Heels,0.8135567123589403,11.857831113635285,3283
2023-05-26,Precter & Jangle,Adult,Cwest Gum Detoxo,0.027859478427086835,18.35739822450668,14
2023-05-26,Smolgate-Jalmolive,Adult,Smolgate Optic Wite,0.8833889503017734,10.33000206884706,927
2023-05-26,Smolgate-Jalmolive,Adult,Smolgate Sensotouch,0.9957713816398753,16.257885568486543,683
2023-05-26,GlaxoSniffKline,Kids,White Star,0.9137741646576399,19.05285525675129,555
2023-05-26,GlaxoSniffKline,Kids,Ninions,0.9602673096869626,17.01480067107265,1225
2023-05-26,Precter & Jangle,Kids,Cwest HyperMan,0.8924527107564151,10.930132038337565,810
2023-05-26,Precter & Jangle,Kids,Cwest Happy baby,0.0,11.211608333817678,0
2023-05-26,Smolgate-Jalmolive,Kids,Smolgate Total,0.7287485548603251,17.59144196566276,777
2023-05-26,Smolgate-Jalmolive,Kids,Smolgate Baby Wish,0.0,17.187911382583636,0
2023-06-02,GlaxoSniffKline,Adult,Parobontax,0.9804430126113897,12.771458760263878,2461
2023-06-02,GlaxoSniffKline,Adult,Sensofyne Quick Relief,0.0,17.61090824465712,0
2023-06-02,Precter & Jangle,Adult,Cwest Pro-Heels,0.9617658012119409,11.857831113635285,3843
2023-06-02,Precter & Jangle,Adult,Cwest Gum Detoxo,0.04501766001575362,18.35739822450668,28
2023-06-02,Smolgate-Jalmolive,Adult,Smolgate Optic Wite,0.9285491824655622,10.33000206884706,900
2023-06-02,Smolgate-Jalmolive,Adult,Smolgate Sensotouch,0.8867415960206542,16.257885568486543,565
2023-06-02,GlaxoSniffKline,Kids,White Star,0.9879578286202432,18.100212493913723,704
2023-06-02,GlaxoSniffKline,Kids,Ninions,0.8498526728272121,17.01480067107265,922
2023-06-02,Precter & Jangle,Kids,Cwest HyperMan,0.842951500051002,10.383625436420685,787
2023-06-02,Precter & Jangle,Kids,Cwest Happy baby,0.0,11.211608333817678,0
2023-06-02,Smolgate-Jalmolive,Kids,Smolgate Total,0.6688719936947116,17.59144196566276,637
2023-06-02,Smolgate-Jalmolive,Kids,Smolgate Baby Wish,0.0,17.187911382583636,0
2023-06-09,GlaxoSniffKline,Adult,Parobontax,0.8954306997509253,12.771458760263878,2268
2023-06-09,GlaxoSniffKline,Adult,Sensofyne Quick Relief,0.0,17.61090824465712,0
2023-06-09,Precter & Jangle,Adult,Cwest Pro-Heels,0.9648117558114586,11.857831113635285,4019
2023-06-09,Precter & Jangle,Adult,Cwest Gum Detoxo,0.0625603184041473,18.35739822450668,32
2023-06-09,Smolgate-Jalmolive,Adult,Smolgate Optic Wite,0.9089513944611112,10.33000206884706,898
2023-06-09,Smolgate-Jalmolive,Adult,Smolgate Sensotouch,0.9555334706270628,16.257885568486543,633
2023-06-09,GlaxoSniffKline,Kids,White Star,0.8631488307192776,19.05285525675129,480
2023-06-09,GlaxoSniffKline,Kids,Ninions,0.8521269978098694,17.01480067107265,1043
2023-06-09,Precter & Jangle,Kids,Cwest HyperMan,0.9441759764708614,10.930132038337565,998
2023-06-09,Precter & Jangle,Kids,Cwest Happy baby,0.0,11.211608333817678,0
2023-06-09,Smolgate-Jalmolive,Kids,Smolgate Total,0.6731331526316069,20.230158260512177,561
2023-06-09,Smolgate-Jalmolive,Kids,Smolgate Baby Wish,0.014990194708005885,17.187911382583636,0
2023-06-16,GlaxoSniffKline,Adult,Parobontax,0.8860992473605854,12.771458760263878,2367
2023-06-16,GlaxoSniffKline,Adult,Sensofyne Quick Relief,0.0,17.61090824465712,0
2023-06-16,Precter & Jangle,Adult,Cwest Pro-Heels,0.9207893300081429,11.857831113635285,3822
2023-06-16,Precter & Jangle,Adult,Cwest Gum Detoxo,0.11020476124424547,18.35739822450668,80
2023-06-16,Smolgate-Jalmolive,Adult,Smolgate Optic Wite,0.8937380213664016,10.33000206884706,940
2023-06-16,Smolgate-Jalmolive,Adult,Smolgate Sensotouch,0.9856448369712167,16.257885568486543,617
2023-06-16,GlaxoSniffKline,Kids,White Star,0.8476889678294922,19.05285525675129,471
2023-06-16,GlaxoSniffKline,Kids,Ninions,0.9831977223871048,17.01480067107265,1438
2023-06-16,Precter & Jangle,Kids,Cwest HyperMan,0.8388261963532544,10.930132038337565,815
2023-06-16,Precter & Jangle,Kids,Cwest Happy baby,0.0,11.211608333817678,0
2023-06-16,Smolgate-Jalmolive,Kids,Smolgate Total,0.5833067603519395,17.59144196566276,467
2023-06-16,Smolgate-Jalmolive,Kids,Smolgate Baby Wish,0.028382623925973408,17.187911382583636,0
2023-06-23,GlaxoSniffKline,Adult,Parobontax,0.9577893289217538,12.771458760263878,2794
2023-06-23,GlaxoSniffKline,Adult,Sensofyne Quick Relief,0.0,14.969272007958557,0
2023-06-23,Precter & Jangle,Adult,Cwest Pro-Heels,0.804704227330818,11.857831113635285,3286
2023-06-23,Precter & Jangle,Adult,Cwest Gum Detoxo,0.15533768932199898,18.35739822450668,149
2023-06-23,Smolgate-Jalmolive,Adult,Smolgate Optic Wite,0.9794805752746081,10.33000206884706,1139
2023-06-23,Smolgate-Jalmolive,Adult,Smolgate Sensotouch,0.800480182402115,16.257885568486543,494
2023-06-23,GlaxoSniffKline,Kids,White Star,0.9268738382346059,19.05285525675129,616
2023-06-23,GlaxoSniffKline,Kids,Ninions,0.963706993994023,17.01480067107265,1498
2023-06-23,Precter & Jangle,Kids,Cwest HyperMan,0.8634545319348356,10.930132038337565,885
2023-06-23,Precter & Jangle,Kids,Cwest Happy baby,0.0,11.211608333817678,0
2023-06-23,Smolgate-Jalmolive,Kids,Smolgate Total,0.4360114491665083,17.59144196566276,241
2023-06-23,Smolgate-Jalmolive,Kids,Smolgate Baby Wish,0.03962205664122583,17.187911382583636,0
2023-06-30,GlaxoSniffKline,Adult,Parobontax,0.9968305749558168,12.771458760263878,2903
2023-06-30,GlaxoSniffKline,Adult,Sensofyne Quick Relief,0.0,14.969272007958557,0
2023-06-30,Precter & Jangle,Adult,Cwest Pro-Heels,0.8163077103971496,11.857831113635285,3342
2023-06-30,Precter & Jangle,Adult,Cwest Gum Detoxo,0.26338512329370806,18.35739822450668,305
2023-06-30,Smolgate-Jalmolive,Adult,Smolgate Optic Wite,0.8072971867396176,10.33000206884706,834
2023-06-30,Smolgate-Jalmolive,Adult,Smolgate Sensotouch,0.9384256298689065,16.257885568486543,630
2023-06-30,GlaxoSniffKline,Kids,White Star,0.8325428771512678,19.05285525675129,459
2023-06-30,GlaxoSniffKline,Kids,Ninions,0.924890715011294,17.01480067107265,1271
2023-06-30,Precter & Jangle,Kids,Cwest HyperMan,0.9914190833673193,10.930132038337565,1242
2023-06-30,Precter & Jangle,Kids,Cwest Happy baby,0.0,11.211608333817678,0
2023-06-30,Smolgate-Jalmolive,Kids,Smolgate Total,0.35530717643983506,14.952725670813342,200
2023-06-30,Smolgate-Jalmolive,Kids,Smolgate Baby Wish,0.0666370713775096,17.187911382583636,0
2023-07-07,GlaxoSniffKline,Adult,Parobontax,0.873945122349702,12.771458760263878,2589
2023-07-07,GlaxoSniffKline,Adult,Sensofyne Quick Relief,0.0,17.61090824465712,0
2023-07-07,Precter & Jangle,Adult,Cwest Pro-Heels,0.7800908276856193,11.857831113635285,3447
2023-07-07,Precter & Jangle,Adult,Cwest Gum Detoxo,0.3121648110701426,20.193138046957348,409
2023-07-07,Smolgate-Jalmolive,Adult,Smolgate Optic Wite,0.8761824057320624,10.33000206884706,1024
2023-07-07,Smolgate-Jalmolive,Adult,Smolgate Sensotouch,0.828515691554554,16.257885568486543,590
2023-07-07,GlaxoSniffKline,Kids,White Star,0.9825509227331516,19.05285525675129,912
2023-07-07,GlaxoSniffKline,Kids,Ninions,0.8318989952264902,17.01480067107265,1266
2023-07-07,Precter & Jangle,Kids,Cwest HyperMan,0.8307008800215615,10.930132038337565,972
2023-07-07,Precter & Jangle,Kids,Cwest Happy baby,0.0,11.211608333817678,0
2023-07-07,Smolgate-Jalmolive,Kids,Smolgate Total,0.23457368107714902,17.59144196566276,61
2023-07-07,Smolgate-Jalmolive,Kids,Smolgate Baby Wish,0.1035735091226039,17.187911382583636,1
2023-07-14,GlaxoSniffKline,Adult,Parobontax,0.9937865060313217,12.771458760263878,3126
2023-07-14,GlaxoSniffKline,Adult,Sensofyne Quick Relief,0.0,17.61090824465712,0
2023-07-14,Precter & Jangle,Adult,Cwest Pro-Heels,0.5939481591099938,11.857831113635285,2441
2023-07-14,Precter & Jangle,Adult,Cwest Gum Detoxo,0.458771792196324,18.35739822450668,773
2023-07-14,Smolgate-Jalmolive,Adult,Smolgate Optic Wite,0.8902655852487292,10.33000206884706,1022
2023-07-14,Smolgate-Jalmolive,Adult,Smolgate Sensotouch,0.9017307148719407,16.257885568486543,615
2023-07-14,GlaxoSniffKline,Kids,White Star,0.8465574095345868,19.05285525675129,589
2023-07-14,GlaxoSniffKline,Kids,Ninions,0.8628614832326007,17.01480067107265,1299
2023-07-14,Precter & Jangle,Kids,Cwest HyperMan,0.9789912846265477,10.930132038337565,1462
2023-07-14,Precter & Jangle,Kids,Cwest Happy baby,0.0,11.211608333817678,0
2023-07-14,Smolgate-Jalmolive,Kids,Smolgate Total,0.16736114937693108,17.59144196566276,27
2023-07-14,Smolgate-Jalmolive,Kids,Smolgate Baby Wish,0.15369118812829263,17.187911382583636,2
2023-07-21,GlaxoSniffKline,Adult,Parobontax,0.9858051666153272,12.771458760263878,3026
2023-07-21,GlaxoSniffKline,Adult,Sensofyne Quick Relief,0.0,17.61090824465712,0
2023-07-21,Precter & Jangle,Adult,Cwest Pro-Heels,0.5962469894413399,10.079156446589991,2582
2023-07-21,Precter & Jangle,Adult,Cwest Gum Detoxo,0.6087391248861145,20.193138046957348,934
2023-07-21,Smolgate-Jalmolive,Adult,Smolgate Optic Wite,0.9369514388690887,10.33000206884706,1028
2023-07-21,Smolgate-Jalmolive,Adult,Smolgate Sensotouch,0.9706745531282698,16.257885568486543,701
2023-07-21,GlaxoSniffKline,Kids,White Star,0.800690789217757,19.05285525675129,496
2023-07-21,GlaxoSniffKline,Kids,Ninions,0.9850567219422188,17.01480067107265,1697
2023-07-21,Precter & Jangle,Kids,Cwest HyperMan,0.9119537527431415,12.023145242171324,965
2023-07-21,Precter & Jangle,Kids,Cwest Happy baby,0.0,11.211608333817678,0
2023-07-21,Smolgate-Jalmolive,Kids,Smolgate Total,0.09632037496157896,17.59144196566276,6
2023-07-21,Smolgate-Jalmolive,Kids,Smolgate Baby Wish,0.24499574131511864,17.187911382583636,6
2023-07-28,GlaxoSniffKline,Adult,Parobontax,0.8355383621273302,12.771458760263878,2790
2023-07-28,GlaxoSniffKline,Adult,Sensofyne Quick Relief,0.0,17.61090824465712,0
2023-07-28,Precter & Jangle,Adult,Cwest Pro-Heels,0.4084894456985655,11.857831113635285,1568
2023-07-28,Precter & Jangle,Adult,Cwest Gum Detoxo,0.6635693698334553,18.35739822450668,1525
2023-07-28,Smolgate-Jalmolive,Adult,Smolgate Optic Wite,0.9456854192052766,10.33000206884706,1296
2023-07-28,Smolgate-Jalmolive,Adult,Smolgate Sensotouch,0.8716082714751994,16.257885568486543,704
2023-07-28,GlaxoSniffKline,Kids,White Star,0.9253028792478875,19.05285525675129,735
2023-07-28,GlaxoSniffKline,Kids,Ninions,0.8910083541479374,14.462580570411749,1850
2023-07-28,Precter & Jangle,Kids,Cwest HyperMan,0.8396376505097561,10.930132038337565,1045
2023-07-28,Precter & Jangle,Kids,Cwest Happy baby,0.0,11.211608333817678,0
2023-07-28,Smolgate-Jalmolive,Kids,Smolgate Total,0.06590908100210832,17.59144196566276,2
2023-07-28,Smolgate-Jalmolive,Kids,Smolgate Baby Wish,0.32924397241178094,18.047306951712823,10
2023-08-04,GlaxoSniffKline,Adult,Parobontax,0.9217700413973148,12.771458760263878,3252
2023-08-04,GlaxoSniffKline,Adult,Sensofyne Quick Relief,0.0,17.61090824465712,0
2023-08-04,Precter & Jangle,Adult,Cwest Pro-Heels,0.3729969054528954,11.857831113635285,1403
2023-08-04,Precter & Jangle,Adult,Cwest Gum Detoxo,0.7637549445542051,18.35739822450668,1677
2023-08-04,Smolgate-Jalmolive,Adult,Smolgate Optic Wite,0.8006521173205279,10.33000206884706,1073
2023-08-04,Smolgate-Jalmolive,Adult,Smolgate Sensotouch,0.9439569326577869,16.257885568486543,833
2023-08-04,GlaxoSniffKline,Kids,White Star,0.8453888913150441,19.05285525675129,669
2023-08-04,GlaxoSniffKline,Kids,Ninions,0.8087431098670987,17.01480067107265,1297
2023-08-04,Precter & Jangle,Kids,Cwest HyperMan,0.9619425412667965,11.476638640254444,1382
2023-08-04,Precter & Jangle,Kids,Cwest Happy baby,0.0,10.09044750043591,0
2023-08-04,Smolgate-Jalmolive,Kids,Smolgate Total,0.038487503797731644,17.59144196566276,0
2023-08-04,Smolgate-Jalmolive,Kids,Smolgate Baby Wish,0.4941788332910133,17.187911382583636,24
2023-08-11,GlaxoSniffKline,Adult,Parobontax,0.9409724745356804,12.771458760263878,3355
2023-08-11,GlaxoSniffKline,Adult,Sensofyne Quick Relief,0.0,17.61090824465712,0
2023-08-11,Precter & Jangle,Adult,Cwest Pro-Heels,0.22814093618778225,11.857831113635285,722
2023-08-11,Precter & Jangle,Adult,Cwest Gum Detoxo,0.8473931491849662,18.35739822450668,2111
2023-08-11,Smolgate-Jalmolive,Adult,Smolgate Optic Wite,0.8195740508822245,10.33000206884706,1076
2023-08-11,Smolgate-Jalmolive,Adult,Smolgate Sensotouch,0.8571779259874448,16.257885568486543,754
2023-08-11,GlaxoSniffKline,Kids,White Star,0.9828974324027212,19.05285525675129,880
2023-08-11,GlaxoSniffKline,Kids,Ninions,0.8466685227499351,17.01480067107265,1390
2023-08-11,Precter & Jangle,Kids,Cwest HyperMan,0.916764237641147,10.930132038337565,1372
2023-08-11,Precter & Jangle,Kids,Cwest Happy baby,0.0,11.772188750508564,0
2023-08-11,Smolgate-Jalmolive,Kids,Smolgate Total,0.027871761671115672,17.59144196566276,0
2023-08-11,Smolgate-Jalmolive,Kids,Smolgate Baby Wish,0.5550011312830428,17.187911382583636,35
2023-08-18,GlaxoSniffKline,Adult,Parobontax,0.9885599138098745,12.771458760263878,3472
2023-08-18,GlaxoSniffKline,Adult,Sensofyne Quick Relief,0.0,17.61090824465712,0
2023-08-18,Precter & Jangle,Adult,Cwest Pro-Heels,0.1810807602624376,11.857831113635285,498
2023-08-18,Precter & Jangle,Adult,Cwest Gum Detoxo,0.8699792895214333,18.35739822450668,2094
2023-08-18,Smolgate-Jalmolive,Adult,Smolgate Optic Wite,0.8477486783888968,10.33000206884706,1205
2023-08-18,Smolgate-Jalmolive,Adult,Smolgate Sensotouch,0.919375480862491,16.257885568486543,835
2023-08-18,GlaxoSniffKline,Kids,White Star,0.8209657683936439,19.05285525675129,545
2023-08-18,GlaxoSniffKline,Kids,Ninions,0.9179279559200263,17.01480067107265,1692
2023-08-18,Precter & Jangle,Kids,Cwest HyperMan,0.9554183110431097,10.930132038337565,1370
2023-08-18,Precter & Jangle,Kids,Cwest Happy baby,0.0,11.211608333817678,0
2023-08-18,Smolgate-Jalmolive,Kids,Smolgate Total,0.01677633758239638,17.59144196566276,0
2023-08-18,Smolgate-Jalmolive,Kids,Smolgate Baby Wish,0.68970884495136,17.187911382583636,69
2023-08-25,GlaxoSniffKline,Adult,Parobontax,0.9331302041098184,12.771458760263878,3354
2023-08-25,GlaxoSniffKline,Adult,Sensofyne Quick Relief,0.0,16.730362832424273,0
2023-08-25,Precter & Jangle,Adult,Cwest Pro-Heels,0.10089513192628216,11.857831113635285,235
2023-08-25,Precter & Jangle,Adult,Cwest Gum Detoxo,0.919216768483409,18.35739822450668,2426
2023-08-25,Smolgate-Jalmolive,Adult,Smolgate Optic Wite,0.8667983613082998,10.33000206884706,1208
2023-08-25,Smolgate-Jalmolive,Adult,Smolgate Sensotouch,0.946449506688358,16.257885568486543,865
2023-08-25,GlaxoSniffKline,Kids,White Star,0.9002333698697842,19.05285525675129,681
2023-08-25,GlaxoSniffKline,Kids,Ninions,0.9722553490071413,17.01480067107265,1827
2023-08-25,Precter & Jangle,Kids,Cwest HyperMan,0.8752429478004825,10.930132038337565,1211
2023-08-25,Precter & Jangle,Kids,Cwest Happy baby,0.0,9.529867083745025,0
2023-08-25,Smolgate-Jalmolive,Kids,Smolgate Total,0.010670973237544856,17.59144196566276,0
2023-08-25,Smolgate-Jalmolive,Kids,Smolgate Baby Wish,0.6585464203133647,17.187911382583636,57
2023-09-01,GlaxoSniffKline,Adult,Parobontax,0.8266772825273668,12.771458760263878,3294
2023-09-01,GlaxoSniffKline,Adult,Sensofyne Quick Relief,0.0,17.61090824465712,0
2023-09-01,Precter & Jangle,Adult,Cwest Pro-Heels,0.06880920830848056,11.857831113635285,133
2023-09-01,Precter & Jangle,Adult,Cwest Gum Detoxo,0.8200073074631602,18.35739822450668,2259
2023-09-01,Smolgate-Jalmolive,Adult,Smolgate Optic Wite,0.9535462047852928,10.33000206884706,1538
2023-09-01,Smolgate-Jalmolive,Adult,Smolgate Sensotouch,0.9080511462317605,15.444991290062214,968
2023-09-01,GlaxoSniffKline,Kids,White Star,0.9200494984876488,19.05285525675129,879
2023-09-01,GlaxoSniffKline,Kids,Ninions,0.8911455024867679,19.56702077173354,1421
2023-09-01,Precter & Jangle,Kids,Cwest HyperMan,0.8621405593196934,10.930132038337565,1349
2023-09-01,Precter & Jangle,Kids,Cwest Happy baby,0.0,11.211608333817678,0
2023-09-01,Smolgate-Jalmolive,Kids,Smolgate Total,0.0,17.59144196566276,0
2023-09-01,Smolgate-Jalmolive,Kids,Smolgate Baby Wish,0.8522738221103101,17.187911382583636,108
2023-09-08,GlaxoSniffKline,Adult,Parobontax,0.8995701673710572,12.771458760263878,3276
2023-09-08,GlaxoSniffKline,Adult,Sensofyne Quick Relief,0.0,17.61090824465712,0
2023-09-08,Precter & Jangle,Adult,Cwest Pro-Heels,0.04582736673574536,11.857831113635285,81
2023-09-08,Precter & Jangle,Adult,Cwest Gum Detoxo,0.964383072575492,18.35739822450668,2699
2023-09-08,Smolgate-Jalmolive,Adult,Smolgate Optic Wite,0.9484835345417411,10.33000206884706,1443
2023-09-08,Smolgate-Jalmolive,Adult,Smolgate Sensotouch,0.8648815288464475,16.257885568486543,775
2023-09-08,GlaxoSniffKline,Kids,White Star,0.8993945362971267,19.05285525675129,871
2023-09-08,GlaxoSniffKline,Kids,Ninions,0.8495368806075518,17.01480067107265,1640
2023-09-08,Precter & Jangle,Kids,Cwest HyperMan,0.8215516560090979,10.930132038337565,1145
2023-09-08,Precter & Jangle,Kids,Cwest Happy baby,0.0,11.211608333817678,0
2023-09-08,Smolgate-Jalmolive,Kids,Smolgate Total,0.0,17.59144196566276,0
2023-09-08,Smolgate-Jalmolive,Kids,Smolgate Baby Wish,0.8488498758042149,17.187911382583636,104
2023-09-15,GlaxoSniffKline,Adult,Parobontax,0.8987184448742519,12.771458760263878,3289
2023-09-15,GlaxoSniffKline,Adult,Sensofyne Quick Relief,0.0,17.61090824465712,0
2023-09-15,Precter & Jangle,Adult,Cwest Pro-Heels,0.029239197157135945,11.857831113635285,27
2023-09-15,Precter & Jangle,Adult,Cwest Gum Detoxo,0.89085490160139,17.439528313281347,2500
2023-09-15,Smolgate-Jalmolive,Adult,Smolgate Optic Wite,0.9854643299678891,9.297001861962354,1762
2023-09-15,Smolgate-Jalmolive,Adult,Smolgate Sensotouch,0.9479461962589169,16.257885568486543,877
2023-09-15,GlaxoSniffKline,Kids,White Star,0.8120928926630757,21.910783545263985,494
2023-09-15,GlaxoSniffKline,Kids,Ninions,0.9588945892253491,17.01480067107265,1971
2023-09-15,Precter & Jangle,Kids,Cwest HyperMan,0.8248147711296655,10.930132038337565,1106
2023-09-15,Precter & Jangle,Kids,Cwest Happy baby,0.0,11.211608333817678,0
2023-09-15,Smolgate-Jalmolive,Kids,Smolgate Total,0.0,17.59144196566276,0
2023-09-15,Smolgate-Jalmolive,Kids,Smolgate Baby Wish,0.8191459888660105,17.187911382583636,93
2023-09-22,GlaxoSniffKline,Adult,Parobontax,0.9000361204196072,12.771458760263878,3430
2023-09-22,GlaxoSniffKline,Adult,Sensofyne Quick Relief,0.0,17.61090824465712,0
2023-09-22,Precter & Jangle,Adult,Cwest Pro-Heels,0.01692753122820599,11.857831113635285,22
2023-09-22,Precter & Jangle,Adult,Cwest Gum Detoxo,0.9765310953212761,18.35739822450668,2766
2023-09-22,Smolgate-Jalmolive,Adult,Smolgate Optic Wite,0.8803531359978569,10.33000206884706,1360
2023-09-22,Smolgate-Jalmolive,Adult,Smolgate Sensotouch,0.8275917063392487,16.257885568486543,721
2023-09-22,GlaxoSniffKline,Kids,White Star,0.9038664340644961,19.05285525675129,833
2023-09-22,GlaxoSniffKline,Kids,Ninions,0.8621161709643544,17.01480067107265,1512
2023-09-22,Precter & Jangle,Kids,Cwest HyperMan,0.9020476201836488,10.930132038337565,1429
2023-09-22,Precter & Jangle,Kids,Cwest Happy baby,0.0,11.211608333817678,0
2023-09-22,Smolgate-Jalmolive,Kids,Smolgate Total,0.0,17.59144196566276,0
2023-09-22,Smolgate-Jalmolive,Kids,Smolgate Baby Wish,0.8837425682454622,17.187911382583636,130
2023-09-29,GlaxoSniffKline,Adult,Parobontax,0.9916998941469438,12.771458760263878,3855
2023-09-29,GlaxoSniffKline,Adult,Sensofyne Quick Relief,0.0,17.61090824465712,0
2023-09-29,Precter & Jangle,Adult,Cwest Pro-Heels,0.010623770295965859,11.857831113635285,5
2023-09-29,Precter & Jangle,Adult,Cwest Gum Detoxo,0.935905940949805,18.35739822450668,2549
2023-09-29,Smolgate-Jalmolive,Adult,Smolgate Optic Wite,0.8838440431309352,10.33000206884706,1343
2023-09-29,Smolgate-Jalmolive,Adult,Smolgate Sensotouch,0.8660032351691815,16.257885568486543,804
2023-09-29,GlaxoSniffKline,Kids,White Star,0.8259827741979917,19.05285525675129,678
2023-09-29,GlaxoSniffKline,Kids,Ninions,0.8535683714987586,17.01480067107265,1600
2023-09-29,Precter & Jangle,Kids,Cwest HyperMan,0.8770705988823444,10.930132038337565,1351
2023-09-29,Precter & Jangle,Kids,Cwest Happy baby,0.0,11.211608333817678,0
2023-09-29,Smolgate-Jalmolive,Kids,Smolgate Total,0.0,17.59144196566276,0
2023-09-29,Smolgate-Jalmolive,Kids,Smolgate Baby Wish,0.7879727616273414,17.187911382583636,103
2023-10-06,GlaxoSniffKline,Adult,Parobontax,0.8699635242579291,12.771458760263878,3421
2023-10-06,GlaxoSniffKline,Adult,Sensofyne Quick Relief,0.0,17.61090824465712,0
2023-10-06,Precter & Jangle,Adult,Cwest Pro-Heels,0.0,11.857831113635285,0
2023-10-06,Precter & Jangle,Adult,Cwest Gum Detoxo,0.944474776438309,18.35739822450668,2789
2023-10-06,Smolgate-Jalmolive,Adult,Smolgate Optic Wite,0.8283213879976274,10.33000206884706,1279
2023-10-06,Smolgate-Jalmolive,Adult,Smolgate Sensotouch,0.9572977654416257,16.257885568486543,948
2023-10-06,GlaxoSniffKline,Kids,White Star,0.8087895146346307,19.05285525675129,706
2023-10-06,GlaxoSniffKline,Kids,Ninions,0.915621229842067,17.01480067107265,1969
2023-10-06,Precter & Jangle,Kids,Cwest HyperMan,0.8084502380103206,10.930132038337565,1171
2023-10-06,Precter & Jangle,Kids,Cwest Happy baby,0.0,11.211608333817678,0
2023-10-06,Smolgate-Jalmolive,Kids,Smolgate Total,0.0,17.59144196566276,0
2023-10-06,Smolgate-Jalmolive,Kids,Smolgate Baby Wish,0.821742940280999,17.187911382583636,90
2023-10-13,GlaxoSniffKline,Adult,Parobontax,0.8447158793140532,12.771458760263878,3211
2023-10-13,GlaxoSniffKline,Adult,Sensofyne Quick Relief,0.015198856791071146,17.61090824465712,1
2023-10-13,Precter & Jangle,Adult,Cwest Pro-Heels,0.0,11.857831113635285,0
2023-10-13,Precter & Jangle,Adult,Cwest Gum Detoxo,0.9887086789637692,18.35739822450668,2958
2023-10-13,Smolgate-Jalmolive,Adult,Smolgate Optic Wite,0.978997460202276,10.33000206884706,1503
2023-10-13,Smolgate-Jalmolive,Adult,Smolgate Sensotouch,0.9002055512872895,17.883674125335194,764
2023-10-13,GlaxoSniffKline,Kids,White Star,0.9813153271086165,19.05285525675129,970
2023-10-13,GlaxoSniffKline,Kids,Ninions,0.9032713379138678,17.01480067107265,1813
2023-10-13,Precter & Jangle,Kids,Cwest HyperMan,0.8321944284130868,10.930132038337565,1116
2023-10-13,Precter & Jangle,Kids,Cwest Happy baby,0.0,11.211608333817678,0
2023-10-13,Smolgate-Jalmolive,Kids,Smolgate Total,0.0,17.59144196566276,0
2023-10-13,Smolgate-Jalmolive,Kids,Smolgate Baby Wish,0.9355729701912038,17.187911382583636,122
2023-10-20,GlaxoSniffKline,Adult,Parobontax,0.9043497082117716,12.771458760263878,3724
2023-10-20,GlaxoSniffKline,Adult,Sensofyne Quick Relief,0.023871321216566238,14.969272007958557,1
2023-10-20,Precter & Jangle,Adult,Cwest Pro-Heels,0.0,11.857831113635285,0
2023-10-20,Precter & Jangle,Adult,Cwest Gum Detoxo,0.8204062988622143,18.35739822450668,2344
2023-10-20,Smolgate-Jalmolive,Adult,Smolgate Optic Wite,0.9796907884493004,11.879502379174115,1394
2023-10-20,Smolgate-Jalmolive,Adult,Smolgate Sensotouch,0.8187964337076277,16.257885568486543,826
2023-10-20,GlaxoSniffKline,Kids,White Star,0.8520686038089681,19.05285525675129,716
2023-10-20,GlaxoSniffKline,Kids,Ninions,0.9726348293205896,17.01480067107265,2082
2023-10-20,Precter & Jangle,Kids,Cwest HyperMan,0.8873973240138654,10.930132038337565,1345
2023-10-20,Precter & Jangle,Kids,Cwest Happy baby,0.0,11.211608333817678,0
2023-10-20,Smolgate-Jalmolive,Kids,Smolgate Total,0.0,17.59144196566276,0
2023-10-20,Smolgate-Jalmolive,Kids,Smolgate Baby Wish,0.8897469151144313,17.187911382583636,110
2023-10-27,GlaxoSniffKline,Adult,Parobontax,0.9281196457293571,14.04860463629027,3461
2023-10-27,GlaxoSniffKline,Adult,Sensofyne Quick Relief,0.041576345584954086,17.61090824465712,1
2023-10-27,Precter & Jangle,Adult,Cwest Pro-Heels,0.0,11.857831113635285,0
2023-10-27,Precter & Jangle,Adult,Cwest Gum Detoxo,0.9735526453311227,18.35739822450668,2828
2023-10-27,Smolgate-Jalmolive,Adult,Smolgate Optic Wite,0.9911719932364613,10.33000206884706,1594
2023-10-27,Smolgate-Jalmolive,Adult,Smolgate Sensotouch,0.9356168589606964,16.257885568486543,862
2023-10-27,GlaxoSniffKline,Kids,White Star,0.8141287619831282,19.05285525675129,670
2023-10-27,GlaxoSniffKline,Kids,Ninions,0.8905866880351299,17.01480067107265,1902
2023-10-27,Precter & Jangle,Kids,Cwest HyperMan,0.7951270838646449,10.930132038337565,1136
2023-10-27,Precter & Jangle,Kids,Cwest Happy baby,0.0,11.211608333817678,0
2023-10-27,Smolgate-Jalmolive,Kids,Smolgate Total,0.0,17.59144196566276,0
2023-10-27,Smolgate-Jalmolive,Kids,Smolgate Baby Wish,0.9770728246990928,17.187911382583636,173
2023-11-03,GlaxoSniffKline,Adult,Parobontax,0.987620461160368,12.771458760263878,4149
2023-11-03,GlaxoSniffKline,Adult,Sensofyne Quick Relief,0.06798422979951141,17.61090824465712,1
2023-11-03,Precter & Jangle,Adult,Cwest Pro-Heels,0.0,11.857831113635285,0
2023-11-03,Precter & Jangle,Adult,Cwest Gum Detoxo,0.8581847453441465,21.111007958182686,2115
2023-11-03,Smolgate-Jalmolive,Adult,Smolgate Optic Wite,0.9467418721532218,10.33000206884706,1572
2023-11-03,Smolgate-Jalmolive,Adult,Smolgate Sensotouch,0.9830748338446693,16.257885568486543,945
2023-11-03,GlaxoSniffKline,Kids,White Star,0.802481885477132,19.05285525675129,667
2023-11-03,GlaxoSniffKline,Kids,Ninions,0.9291436825405528,17.01480067107265,2044
2023-11-03,Precter & Jangle,Kids,Cwest HyperMan,0.7783702025364988,10.930132038337565,1060
2023-11-03,Precter & Jangle,Kids,Cwest Happy baby,0.0,11.211608333817678,0
2023-11-03,Smolgate-Jalmolive,Kids,Smolgate Total,0.0,16.71186986737962,0
2023-11-03,Smolgate-Jalmolive,Kids,Smolgate Baby Wish,0.9406830935564227,16.328515813454455,159
2023-11-10,GlaxoSniffKline,Adult,Parobontax,0.9160958442100999,14.04860463629027,3346
2023-11-10,GlaxoSniffKline,Adult,Sensofyne Quick Relief,0.09804063518628126,17.61090824465712,3
2023-11-10,Precter & Jangle,Adult,Cwest Pro-Heels,0.0,11.857831113635285,0
2023-11-10,Precter & Jangle,Adult,Cwest Gum Detoxo,0.9640597640193285,18.35739822450668,2770
2023-11-10,Smolgate-Jalmolive,Adult,Smolgate Optic Wite,0.9764180267082638,10.33000206884706,1560
2023-11-10,Smolgate-Jalmolive,Adult,Smolgate Sensotouch,0.8343221364557886,16.257885568486543,806
2023-11-10,GlaxoSniffKline,Kids,White Star,0.9728391968670926,17.14756973107616,1105
2023-11-10,GlaxoSniffKline,Kids,Ninions,0.8915547154809155,14.462580570411749,1922
2023-11-10,Precter & Jangle,Kids,Cwest HyperMan,0.8887782867281608,10.930132038337565,1164
2023-11-10,Precter & Jangle,Kids,Cwest Happy baby,0.0,11.211608333817678,0
2023-11-10,Smolgate-Jalmolive,Kids,Smolgate Total,0.0,17.59144196566276,0
2023-11-10,Smolgate-Jalmolive,Kids,Smolgate Baby Wish,0.9868788095812826,17.187911382583636,121
2023-11-17,GlaxoSniffKline,Adult,Parobontax,0.8530948446334973,12.771458760263878,3569
2023-11-17,GlaxoSniffKline,Adult,Sensofyne Quick Relief,0.1702974767448752,17.61090824465712,4
2023-11-17,Precter & Jangle,Adult,Cwest Pro-Heels,0.0,11.857831113635285,0
2023-11-17,Precter & Jangle,Adult,Cwest Gum Detoxo,0.8446843567815118,18.35739822450668,2498
2023-11-17,Smolgate-Jalmolive,Adult,Smolgate Optic Wite,0.9133773568297943,10.33000206884706,1535
2023-11-17,Smolgate-Jalmolive,Adult,Smolgate Sensotouch,0.9837293849854267,16.257885568486543,1066
2023-11-17,GlaxoSniffKline,Kids,White Star,0.9714096946634576,19.05285525675129,992
2023-11-17,GlaxoSniffKline,Kids,Ninions,0.9351794591914666,17.01480067107265,2056
2023-11-17,Precter & Jangle,Kids,Cwest HyperMan,0.7560748836289255,10.930132038337565,993
2023-11-17,Precter & Jangle,Kids,Cwest Happy baby,0.0,11.211608333817678,0
2023-11-17,Smolgate-Jalmolive,Kids,Smolgate Total,0.0,17.59144196566276,0
2023-11-17,Smolgate-Jalmolive,Kids,Smolgate Baby Wish,0.9698613772473194,17.187911382583636,168
2023-11-24,GlaxoSniffKline,Adult,Parobontax,0.9850566836367561,14.04860463629027,3851
2023-11-24,GlaxoSniffKline,Adult,Sensofyne Quick Relief,0.2413672208463401,17.61090824465712,16
2023-11-24,Precter & Jangle,Adult,Cwest Pro-Heels,0.0,11.857831113635285,0
2023-11-24,Precter & Jangle,Adult,Cwest Gum Detoxo,0.8936547882305422,18.35739822450668,2662
2023-11-24,Smolgate-Jalmolive,Adult,Smolgate Optic Wite,0.9678712149712413,10.33000206884706,1557
2023-11-24,Smolgate-Jalmolive,Adult,Smolgate Sensotouch,0.8008882808711685,16.257885568486543,743
2023-11-24,GlaxoSniffKline,Kids,White Star,0.9488808187386574,19.05285525675129,888
2023-11-24,GlaxoSniffKline,Kids,Ninions,0.9801959831481324,17.01480067107265,2218
2023-11-24,Precter & Jangle,Kids,Cwest HyperMan,0.7778023861303258,10.930132038337565,931
2023-11-24,Precter & Jangle,Kids,Cwest Happy baby,0.0,11.211608333817678,0
2023-11-24,Smolgate-Jalmolive,Kids,Smolgate Total,0.0,17.59144196566276,0
2023-11-24,Smolgate-Jalmolive,Kids,Smolgate Baby Wish,0.8237696067477643,17.187911382583636,100
2023-12-01,GlaxoSniffKline,Adult,Parobontax,0.8969964772626159,12.771458760263878,3880
2023-12-01,GlaxoSniffKline,Adult,Sensofyne Quick Relief,0.33981149786102655,17.61090824465712,24
2023-12-01,Precter & Jangle,Adult,Cwest Pro-Heels,0.0,11.857831113635285,0
2023-12-01,Precter & Jangle,Adult,Cwest Gum Detoxo,0.8278073761726337,18.35739822450668,2432
2023-12-01,Smolgate-Jalmolive,Adult,Smolgate Optic Wite,0.8652243129239316,10.33000206884706,1470
2023-12-01,Smolgate-Jalmolive,Adult,Smolgate Sensotouch,0.9908774044268561,16.257885568486543,1094
2023-12-01,GlaxoSniffKline,Kids,White Star,0.9584301107289243,19.05285525675129,1088
2023-12-01,GlaxoSniffKline,Kids,Ninions,0.8193382305396594,17.01480067107265,1645
2023-12-01,Precter & Jangle,Kids,Cwest HyperMan,0.8068825910049178,10.930132038337565,1239
2023-12-01,Precter & Jangle,Kids,Cwest Happy baby,0.0,11.211608333817678,0
2023-12-01,Smolgate-Jalmolive,Kids,Smolgate Total,0.0,17.59144196566276,0
2023-12-01,Smolgate-Jalmolive,Kids,Smolgate Baby Wish,0.9690218365164854,17.187911382583636,179
2023-12-08,GlaxoSniffKline,Adult,Parobontax,0.9328478742878158,12.771458760263878,3774
2023-12-08,GlaxoSniffKline,Adult,Sensofyne Quick Relief,0.45974658410028174,17.61090824465712,32
2023-12-08,Precter & Jangle,Adult,Cwest Pro-Heels,0.0,11.857831113635285,0
2023-12-08,Precter & Jangle,Adult,Cwest Gum Detoxo,0.9610422822595405,18.35739822450668,2891
2023-12-08,Smolgate-Jalmolive,Adult,Smolgate Optic Wite,0.9514494283477563,10.33000206884706,1532
2023-12-08,Smolgate-Jalmolive,Adult,Smolgate Sensotouch,0.9218441164030269,16.257885568486543,951
2023-12-08,GlaxoSniffKline,Kids,White Star,0.8556309889107472,20.958140782426415,684
2023-12-08,GlaxoSniffKline,Kids,Ninions,0.9788096282203416,17.01480067107265,2509
2023-12-08,Precter & Jangle,Kids,Cwest HyperMan,0.5980590191505574,10.930132038337565,595
2023-12-08,Precter & Jangle,Kids,Cwest Happy baby,0.0,11.211608333817678,0
2023-12-08,Smolgate-Jalmolive,Kids,Smolgate Total,0.0,17.59144196566276,0
2023-12-08,Smolgate-Jalmolive,Kids,Smolgate Baby Wish,0.9389265070158979,17.187911382583636,168
2023-12-15,GlaxoSniffKline,Adult,Parobontax,0.8915641631376117,12.771458760263878,3891
2023-12-15,GlaxoSniffKline,Adult,Sensofyne Quick Relief,0.6143522212002903,17.61090824465712,63
2023-12-15,Precter & Jangle,Adult,Cwest Pro-Heels,0.0,11.857831113635285,0
2023-12-15,Precter & Jangle,Adult,Cwest Gum Detoxo,0.8585099297163077,18.35739822450668,2751
2023-12-15,Smolgate-Jalmolive,Adult,Smolgate Optic Wite,0.951738154996055,11.879502379174115,1412
2023-12-15,Smolgate-Jalmolive,Adult,Smolgate Sensotouch,0.8516219944701721,16.257885568486543,895
2023-12-15,GlaxoSniffKline,Kids,White Star,0.9165673263707002,19.05285525675129,996
2023-12-15,GlaxoSniffKline,Kids,Ninions,0.9804454666670803,17.01480067107265,2589
2023-12-15,Precter & Jangle,Kids,Cwest HyperMan,0.5467948878067141,10.930132038337565,505
2023-12-15,Precter & Jangle,Kids,Cwest Happy baby,0.0,11.211608333817678,0
2023-12-15,Smolgate-Jalmolive,Kids,Smolgate Total,0.0,17.59144196566276,0
2023-12-15,Smolgate-Jalmolive,Kids,Smolgate Baby Wish,0.8367015072559598,17.187911382583636,118
2023-12-22,GlaxoSniffKline,Adult,Parobontax,0.8377512815508933,12.771458760263878,3704
2023-12-22,GlaxoSniffKline,Adult,Sensofyne Quick Relief,0.6709458200100628,17.61090824465712,70
2023-12-22,Precter & Jangle,Adult,Cwest Pro-Heels,0.0,11.857831113635285,0
2023-12-22,Precter & Jangle,Adult,Cwest Gum Detoxo,0.894639749160741,18.35739822450668,2969
2023-12-22,Smolgate-Jalmolive,Adult,Smolgate Optic Wite,0.9236466829329227,10.33000206884706,1626
2023-12-22,Smolgate-Jalmolive,Adult,Smolgate Sensotouch,0.8329000752849702,16.257885568486543,935
2023-12-22,GlaxoSniffKline,Kids,White Star,0.9471815973937407,19.05285525675129,1316
2023-12-22,GlaxoSniffKline,Kids,Ninions,0.8722367682328503,17.01480067107265,2278
2023-12-22,Precter & Jangle,Kids,Cwest HyperMan,0.41965688273707197,10.930132038337565,255
2023-12-22,Precter & Jangle,Kids,Cwest Happy baby,0.015618888084671496,11.211608333817678,0
2023-12-22,Smolgate-Jalmolive,Kids,Smolgate Total,0.0,17.59144196566276,0
2023-12-22,Smolgate-Jalmolive,Kids,Smolgate Baby Wish,0.828466039009794,17.187911382583636,152
2023-12-29,GlaxoSniffKline,Adult,Parobontax,0.9281990489208506,12.771458760263878,4035
2023-12-29,GlaxoSniffKline,Adult,Sensofyne Quick Relief,0.6693453725241978,17.61090824465712,44
2023-12-29,Precter & Jangle,Adult,Cwest Pro-Heels,0.0,11.857831113635285,0
2023-12-29,Precter & Jangle,Adult,Cwest Gum Detoxo,0.9590837535510607,18.35739822450668,3103
2023-12-29,Smolgate-Jalmolive,Adult,Smolgate Optic Wite,0.9678721196483755,10.33000206884706,1705
2023-12-29,Smolgate-Jalmolive,Adult,Smolgate Sensotouch,0.8874140164660975,16.257885568486543,945
2023-12-29,GlaxoSniffKline,Kids,White Star,0.8499242037475043,19.05285525675129,1079
2023-12-29,GlaxoSniffKline,Kids,Ninions,0.800675691466494,17.01480067107265,2087
2023-12-29,Precter & Jangle,Kids,Cwest HyperMan,0.3617834808579684,10.930132038337565,221
2023-12-29,Precter & Jangle,Kids,Cwest Happy baby,0.029257863545635986,11.211608333817678,0
2023-12-29,Smolgate-Jalmolive,Kids,Smolgate Total,0.0,17.59144196566276,0
2023-12-29,Smolgate-Jalmolive,Kids,Smolgate Baby Wish,0.8611055592089419,17.187911382583636,171
2024-01-05,GlaxoSniffKline,Adult,Parobontax,0.9369649843142603,12.771458760263878,4189
2024-01-05,GlaxoSniffKline,Adult,Sensofyne Quick Relief,0.7304395958459062,17.61090824465712,84
2024-01-05,Precter & Jangle,Adult,Cwest Pro-Heels,0.0,11.857831113635285,0
2024-01-05,Precter & Jangle,Adult,Cwest Gum Detoxo,0.8742686853592947,18.35739822450668,2709
2024-01-05,Smolgate-Jalmolive,Adult,Smolgate Optic Wite,0.9352360245289149,10.33000206884706,1690
2024-01-05,Smolgate-Jalmolive,Adult,Smolgate Sensotouch,0.8864104352817325,16.257885568486543,965
2024-01-05,GlaxoSniffKline,Kids,White Star,0.9462514806454164,19.05285525675129,1249
2024-01-05,GlaxoSniffKline,Kids,Ninions,0.8918060548484424,17.01480067107265,2359
2024-01-05,Precter & Jangle,Kids,Cwest HyperMan,0.24293769381558397,10.930132038337565,70
2024-01-05,Precter & Jangle,Kids,Cwest Happy baby,0.045195757644411756,11.211608333817678,1
2024-01-05,Smolgate-Jalmolive,Kids,Smolgate Total,0.0,17.59144196566276,0
2024-01-05,Smolgate-Jalmolive,Kids,Smolgate Baby Wish,0.9616961722340661,18.047306951712823,159
2024-01-12,GlaxoSniffKline,Adult,Parobontax,0.8135894291124536,12.771458760263878,3473
2024-01-12,GlaxoSniffKline,Adult,Sensofyne Quick Relief,0.8675645874402877,17.61090824465712,96
2024-01-12,Precter & Jangle,Adult,Cwest Pro-Heels,0.0,11.857831113635285,0
2024-01-12,Precter & Jangle,Adult,Cwest Gum Detoxo,0.9770767657069174,18.35739822450668,3278
2024-01-12,Smolgate-Jalmolive,Adult,Smolgate Optic Wite,0.8498305261060455,10.33000206884706,1476
2024-01-12,Smolgate-Jalmolive,Adult,Smolgate Sensotouch,0.9012536925101556,13.819202733213565,1224
2024-01-12,GlaxoSniffKline,Kids,White Star,0.9594638698412982,19.05285525675129,1263
2024-01-12,GlaxoSniffKline,Kids,Ninions,0.9350801333749529,17.01480067107265,2565
2024-01-12,Precter & Jangle,Kids,Cwest HyperMan,0.14901441485482397,10.930132038337565,26
2024-01-12,Precter & Jangle,Kids,Cwest Happy baby,0.06499993999317834,11.211608333817678,1
2024-01-12,Smolgate-Jalmolive,Kids,Smolgate Total,0.0,17.59144196566276,0
2024-01-12,Smolgate-Jalmolive,Kids,Smolgate Baby Wish,0.8776398809009754,17.187911382583636,157
2024-01-19,GlaxoSniffKline,Adult,Parobontax,0.8496801203090547,12.771458760263878,3839
2024-01-19,GlaxoSniffKline,Adult,Sensofyne Quick Relief,0.8235226643051983,17.61090824465712,98
2024-01-19,Precter & Jangle,Adult,Cwest Pro-Heels,0.0,11.857831113635285,0
2024-01-19,Precter & Jangle,Adult,Cwest Gum Detoxo,0.9021065198920731,18.35739822450668,3169
2024-01-19,Smolgate-Jalmolive,Adult,Smolgate Optic Wite,0.8103140140037508,10.33000206884706,1479
2024-01-19,Smolgate-Jalmolive,Adult,Smolgate Sensotouch,0.9034406448581294,16.257885568486543,1117
2024-01-19,GlaxoSniffKline,Kids,White Star,0.9043319322693203,19.05285525675129,1343
2024-01-19,GlaxoSniffKline,Kids,Ninions,0.8400134685884119,17.01480067107265,2352
2024-01-19,Precter & Jangle,Kids,Cwest HyperMan,0.11344970697089188,10.930132038337565,20
2024-01-19,Precter & Jangle,Kids,Cwest Happy baby,0.11878678990656512,11.211608333817678,11
2024-01-19,Smolgate-Jalmolive,Kids,Smolgate Total,0.0,17.59144196566276,0
2024-01-19,Smolgate-Jalmolive,Kids,Smolgate Baby Wish,0.9081487317525545,17.187911382583636,216
2024-01-26,GlaxoSniffKline,Adult,Parobontax,0.8061871415737,12.771458760263878,3698
2024-01-26,GlaxoSniffKline,Adult,Sensofyne Quick Relief,0.9231798298117917,15.849817420191409,125
2024-01-26,Precter & Jangle,Adult,Cwest Pro-Heels,0.0,11.857831113635285,0
2024-01-26,Precter & Jangle,Adult,Cwest Gum Detoxo,0.9886568832486704,18.35739822450668,3589
2024-01-26,Smolgate-Jalmolive,Adult,Smolgate Optic Wite,0.8651674101404406,10.33000206884706,1539
2024-01-26,Smolgate-Jalmolive,Adult,Smolgate Sensotouch,0.8173555851430591,16.257885568486543,941
2024-01-26,GlaxoSniffKline,Kids,White Star,0.9287550482759277,19.05285525675129,1436
2024-01-26,GlaxoSniffKline,Kids,Ninions,0.8365545943564466,17.865540704626277,2146
2024-01-26,Precter & Jangle,Kids,Cwest HyperMan,0.07467326988785433,12.5696518440882,3
2024-01-26,Precter & Jangle,Kids,Cwest Happy baby,0.16913724486797407,11.211608333817678,25
2024-01-26,Smolgate-Jalmolive,Kids,Smolgate Total,0.0,17.59144196566276,0
2024-01-26,Smolgate-Jalmolive,Kids,Smolgate Baby Wish,0.9002465812118607,17.187911382583636,227
2024-02-02,GlaxoSniffKline,Adult,Parobontax,0.7347133276007,12.771458760263878,3214
2024-02-02,GlaxoSniffKline,Adult,Sensofyne Quick Relief,0.8859019016996946,17.61090824465712,100
2024-02-02,Precter & Jangle,Adult,Cwest Pro-Heels,0.0,11.857831113635285,0
2024-02-02,Precter & Jangle,Adult,Cwest Gum Detoxo,0.954291154249083,16.521658402056012,3850
2024-02-02,Smolgate-Jalmolive,Adult,Smolgate Optic Wite,0.8390620363049655,10.33000206884706,1592
2024-02-02,Smolgate-Jalmolive,Adult,Smolgate Sensotouch,0.8496707082839929,16.257885568486543,1032
2024-02-02,GlaxoSniffKline,Kids,White Star,0.8051281199413047,19.05285525675129,969
2024-02-02,GlaxoSniffKline,Kids,Ninions,0.8727292190617122,17.01480067107265,2787
2024-02-02,Precter & Jangle,Kids,Cwest HyperMan,0.04542328933751678,10.930132038337565,1
2024-02-02,Precter & Jangle,Kids,Cwest Happy baby,0.2235762755629217,11.211608333817678,56
2024-02-02,Smolgate-Jalmolive,Kids,Smolgate Total,0.0,17.59144196566276,0
2024-02-02,Smolgate-Jalmolive,Kids,Smolgate Baby Wish,0.9262154646414704,17.187911382583636,213
2024-02-09,GlaxoSniffKline,Adult,Parobontax,0.6902538744271528,13.410031698277074,2886
2024-02-09,GlaxoSniffKline,Adult,Sensofyne Quick Relief,0.8663138325273573,17.61090824465712,87
2024-02-09,Precter & Jangle,Adult,Cwest Pro-Heels,0.0,11.857831113635285,0
2024-02-09,Precter & Jangle,Adult,Cwest Gum Detoxo,0.9987229553837503,18.35739822450668,3734
2024-02-09,Smolgate-Jalmolive,Adult,Smolgate Optic Wite,0.9810305567286309,10.33000206884706,1932
2024-02-09,Smolgate-Jalmolive,Adult,Smolgate Sensotouch,0.8290185983418704,16.257885568486543,965
2024-02-09,GlaxoSniffKline,Kids,White Star,0.875351954626268,19.05285525675129,1082
2024-02-09,GlaxoSniffKline,Kids,Ninions,0.9796830503284503,17.01480067107265,2951
2024-02-09,Precter & Jangle,Kids,Cwest HyperMan,0.02474683155118409,10.930132038337565,0
2024-02-09,Precter & Jangle,Kids,Cwest Happy baby,0.3235588273376035,11.211608333817678,115
2024-02-09,Smolgate-Jalmolive,Kids,Smolgate Total,0.0,17.59144196566276,0
2024-02-09,Smolgate-Jalmolive,Kids,Smolgate Baby Wish,0.8869332134360848,17.187911382583636,146
2024-02-16,GlaxoSniffKline,Adult,Parobontax,0.7255767229130254,12.771458760263878,3225
2024-02-16,GlaxoSniffKline,Adult,Sensofyne Quick Relief,0.9415456537732924,17.61090824465712,132
2024-02-16,Precter & Jangle,Adult,Cwest Pro-Heels,0.0,11.857831113635285,0
2024-02-16,Precter & Jangle,Adult,Cwest Gum Detoxo,0.9425233373936802,18.35739822450668,3402
2024-02-16,Smolgate-Jalmolive,Adult,Smolgate Optic Wite,0.9066267382593247,10.33000206884706,1768
2024-02-16,Smolgate-Jalmolive,Adult,Smolgate Sensotouch,0.9639667189680743,16.257885568486543,1201
2024-02-16,GlaxoSniffKline,Kids,White Star,0.8643972120216338,19.05285525675129,1076
2024-02-16,GlaxoSniffKline,Kids,Ninions,0.919908834128456,17.01480067107265,2713
2024-02-16,Precter & Jangle,Kids,Cwest HyperMan,0.017946002529847738,10.930132038337565,0
2024-02-16,Precter & Jangle,Kids,Cwest Happy baby,0.48108889262599297,11.211608333817678,322
2024-02-16,Smolgate-Jalmolive,Kids,Smolgate Total,0.0,17.59144196566276,0
2024-02-16,Smolgate-Jalmolive,Kids,Smolgate Baby Wish,0.81365116482207,17.187911382583636,144
2024-02-23,GlaxoSniffKline,Adult,Parobontax,0.60804604283188,12.771458760263878,2803
2024-02-23,GlaxoSniffKline,Adult,Sensofyne Quick Relief,0.8331910996206046,17.61090824465712,114
2024-02-23,Precter & Jangle,Adult,Cwest Pro-Heels,0.0,11.857831113635285,0
2024-02-23,Precter & Jangle,Adult,Cwest Gum Detoxo,0.8625412875590294,18.35739822450668,3279
2024-02-23,Smolgate-Jalmolive,Adult,Smolgate Optic Wite,0.9459451704649976,10.33000206884706,2056
2024-02-23,Smolgate-Jalmolive,Adult,Smolgate Sensotouch,0.8301796279753162,16.257885568486543,1098
2024-02-23,GlaxoSniffKline,Kids,White Star,0.8718542790762335,19.05285525675129,1066
2024-02-23,GlaxoSniffKline,Kids,Ninions,0.9396869646691329,17.01480067107265,2847
2024-02-23,Precter & Jangle,Kids,Cwest HyperMan,0.010276695448060678,10.930132038337565,0
2024-02-23,Precter & Jangle,Kids,Cwest Happy baby,0.6172944787522919,11.211608333817678,578
2024-02-23,Smolgate-Jalmolive,Kids,Smolgate Total,0.0,17.59144196566276,0
2024-02-23,Smolgate-Jalmolive,Kids,Smolgate Baby Wish,0.9921362062777418,17.187911382583636,227
2024-03-01,GlaxoSniffKline,Adult,Parobontax,0.43822918261947796,12.771458760263878,1820
2024-03-01,GlaxoSniffKline,Adult,Sensofyne Quick Relief,0.854843575109382,17.61090824465712,103
2024-03-01,Precter & Jangle,Adult,Cwest Pro-Heels,0.0,11.857831113635285,0
2024-03-01,Precter & Jangle,Adult,Cwest Gum Detoxo,0.906023219287104,18.35739822450668,3693
2024-03-01,Smolgate-Jalmolive,Adult,Smolgate Optic Wite,0.9850168808411727,10.33000206884706,2267
2024-03-01,Smolgate-Jalmolive,Adult,Smolgate Sensotouch,0.9333309559658028,16.257885568486543,1262
2024-03-01,GlaxoSniffKline,Kids,White Star,0.9849858145251698,19.05285525675129,1549
2024-03-01,GlaxoSniffKline,Kids,Ninions,0.9175408016229952,17.01480067107265,2737
2024-03-01,Precter & Jangle,Kids,Cwest HyperMan,0.0,10.930132038337565,0
2024-03-01,Precter & Jangle,Kids,Cwest Happy baby,0.5901859663935634,11.211608333817678,516
2024-03-01,Smolgate-Jalmolive,Kids,Smolgate Total,0.0,17.59144196566276,0
2024-03-01,Smolgate-Jalmolive,Kids,Smolgate Baby Wish,0.9144603376614614,17.187911382583636,206
2024-03-08,GlaxoSniffKline,Adult,Parobontax,0.3578687795928239,12.771458760263878,1320
2024-03-08,GlaxoSniffKline,Adult,Sensofyne Quick Relief,0.8570995673869422,17.61090824465712,135
2024-03-08,Precter & Jangle,Adult,Cwest Pro-Heels,0.0,11.857831113635285,0
2024-03-08,Precter & Jangle,Adult,Cwest Gum Detoxo,0.9880830080045085,18.35739822450668,4206
2024-03-08,Smolgate-Jalmolive,Adult,Smolgate Optic Wite,0.9581255240084565,10.33000206884706,2103
2024-03-08,Smolgate-Jalmolive,Adult,Smolgate Sensotouch,0.8176780534047361,13.819202733213565,1354
2024-03-08,GlaxoSniffKline,Kids,White Star,0.9882864646576465,19.05285525675129,1400
2024-03-08,GlaxoSniffKline,Kids,Ninions,0.9350694130646611,17.01480067107265,2701
2024-03-08,Precter & Jangle,Kids,Cwest HyperMan,0.0,10.930132038337565,0
2024-03-08,Precter & Jangle,Kids,Cwest Happy baby,0.7476068138741311,11.211608333817678,875
2024-03-08,Smolgate-Jalmolive,Kids,Smolgate Total,0.0,17.59144196566276,0
2024-03-08,Smolgate-Jalmolive,Kids,Smolgate Baby Wish,0.8073040831561917,17.187911382583636,143
2024-03-15,GlaxoSniffKline,Adult,Parobontax,0.21741052581032402,14.68717757430346,653
2024-03-15,GlaxoSniffKline,Adult,Sensofyne Quick Relief,0.8822590924499051,17.61090824465712,137
2024-03-15,Precter & Jangle,Adult,Cwest Pro-Heels,0.0,11.857831113635285,0
2024-03-15,Precter & Jangle,Adult,Cwest Gum Detoxo,0.9849111845056401,18.35739822450668,4601
2024-03-15,Smolgate-Jalmolive,Adult,Smolgate Optic Wite,0.9732680154655249,10.33000206884706,2480
2024-03-15,Smolgate-Jalmolive,Adult,Smolgate Sensotouch,0.9306153535451103,16.257885568486543,1457
2024-03-15,GlaxoSniffKline,Kids,White Star,0.8118808461328656,17.14756973107616,1165
2024-03-15,GlaxoSniffKline,Kids,Ninions,0.8872935339425734,17.01480067107265,2677
2024-03-15,Precter & Jangle,Kids,Cwest HyperMan,0.0,9.837118834503809,0
2024-03-15,Precter & Jangle,Kids,Cwest Happy baby,0.7395447011485895,11.211608333817678,1004
2024-03-15,Smolgate-Jalmolive,Kids,Smolgate Total,0.0,18.4710140639459,0
2024-03-15,Smolgate-Jalmolive,Kids,Smolgate Baby Wish,0.8392728809182552,17.187911382583636,148
2024-03-22,GlaxoSniffKline,Adult,Parobontax,0.17932637689488848,12.771458760263878,557
2024-03-22,GlaxoSniffKline,Adult,Sensofyne Quick Relief,0.9808802603203483,17.61090824465712,171
2024-03-22,Precter & Jangle,Adult,Cwest Pro-Heels,0.0,11.857831113635285,0
2024-03-22,Precter & Jangle,Adult,Cwest Gum Detoxo,0.85012202325379,18.35739822450668,4012
2024-03-22,Smolgate-Jalmolive,Adult,Smolgate Optic Wite,0.9121298263426886,10.33000206884706,2526
2024-03-22,Smolgate-Jalmolive,Adult,Smolgate Sensotouch,0.8869517823673888,16.257885568486543,1457
2024-03-22,GlaxoSniffKline,Kids,White Star,0.9168538341221266,20.005498019588856,1210
2024-03-22,GlaxoSniffKline,Kids,Ninions,0.8996311097329964,17.01480067107265,2732
2024-03-22,Precter & Jangle,Kids,Cwest HyperMan,0.0,10.930132038337565,0
2024-03-22,Precter & Jangle,Kids,Cwest Happy baby,0.870031964495452,11.211608333817678,1475
2024-03-22,Smolgate-Jalmolive,Kids,Smolgate Total,0.0,17.59144196566276,0
2024-03-22,Smolgate-Jalmolive,Kids,Smolgate Baby Wish,0.9883697579623265,17.187911382583636,267
2024-03-29,GlaxoSniffKline,Adult,Parobontax,0.10816880463565987,12.771458760263878,288
2024-03-29,GlaxoSniffKline,Adult,Sensofyne Quick Relief,0.9621851488370784,17.61090824465712,150
2024-03-29,Precter & Jangle,Adult,Cwest Pro-Heels,0.0,12.450722669317052,0
2024-03-29,Precter & Jangle,Adult,Cwest Gum Detoxo,0.8511985949794432,18.35739822450668,4305
2024-03-29,Smolgate-Jalmolive,Adult,Smolgate Optic Wite,0.9517823699866639,10.33000206884706,2758
2024-03-29,Smolgate-Jalmolive,Adult,Smolgate Sensotouch,0.9005857419519117,16.257885568486543,1562
2024-03-29,GlaxoSniffKline,Kids,White Star,0.8396171948391316,19.05285525675129,1263
2024-03-29,GlaxoSniffKline,Kids,Ninions,0.8214034778426408,17.01480067107265,2615
2024-03-29,Precter & Jangle,Kids,Cwest HyperMan,0.0,10.930132038337565,0
2024-03-29,Precter & Jangle,Kids,Cwest Happy baby,0.762891319308433,11.211608333817678,1250
2024-03-29,Smolgate-Jalmolive,Kids,Smolgate Total,0.0,17.59144196566276,0
2024-03-29,Smolgate-Jalmolive,Kids,Smolgate Baby Wish,0.9917416351829957,17.187911382583636,301
2024-04-05,GlaxoSniffKline,Adult,Parobontax,0.07313134855797368,12.771458760263878,171
2024-04-05,GlaxoSniffKline,Adult,Sensofyne Quick Relief,0.9641245085109948,17.61090824465712,160
2024-04-05,Precter & Jangle,Adult,Cwest Pro-Heels,0.0,11.857831113635285,0
2024-04-05,Precter & Jangle,Adult,Cwest Gum Detoxo,0.8505340203511514,18.35739822450668,3972
2024-04-05,Smolgate-Jalmolive,Adult,Smolgate Optic Wite,0.9911765034035221,10.33000206884706,2742
2024-04-05,Smolgate-Jalmolive,Adult,Smolgate Sensotouch,0.9496358969722167,16.257885568486543,1571
2024-04-05,GlaxoSniffKline,Kids,White Star,0.9304098317585361,19.05285525675129,1171
2024-04-05,GlaxoSniffKline,Kids,Ninions,0.999292492487472,17.01480067107265,3116
2024-04-05,Precter & Jangle,Kids,Cwest HyperMan,0.0,10.930132038337565,0
2024-04-05,Precter & Jangle,Kids,Cwest Happy baby,0.9203442156590833,11.211608333817678,1533
2024-04-05,Smolgate-Jalmolive,Kids,Smolgate Total,0.0,17.59144196566276,0
2024-04-05,Smolgate-Jalmolive,Kids,Smolgate Baby Wish,0.9023629042159912,18.047306951712823,140
2024-04-12,GlaxoSniffKline,Adult,Parobontax,0.040558021103678364,12.771458760263878,69
2024-04-12,GlaxoSniffKline,Adult,Sensofyne Quick Relief,0.9261156808563858,17.61090824465712,157
2024-04-12,Precter & Jangle,Adult,Cwest Pro-Heels,0.0,11.857831113635285,0
2024-04-12,Precter & Jangle,Adult,Cwest Gum Detoxo,0.9250996616012567,18.35739822450668,4782
2024-04-12,Smolgate-Jalmolive,Adult,Smolgate Optic Wite,0.8879299018969409,10.33000206884706,2420
2024-04-12,Smolgate-Jalmolive,Adult,Smolgate Sensotouch,0.8620128620440477,16.257885568486543,1439
2024-04-12,GlaxoSniffKline,Kids,White Star,0.9948119273538074,19.05285525675129,1671
2024-04-12,GlaxoSniffKline,Kids,Ninions,0.8337612334228782,17.01480067107265,2321
2024-04-12,Precter & Jangle,Kids,Cwest HyperMan,0.0,10.930132038337565,0
2024-04-12,Precter & Jangle,Kids,Cwest Happy baby,0.8911534207813192,11.211608333817678,1616
2024-04-12,Smolgate-Jalmolive,Kids,Smolgate Total,0.0,17.59144196566276,0
2024-04-12,Smolgate-Jalmolive,Kids,Smolgate Baby Wish,0.8724785039580525,17.187911382583636,186
2024-04-19,GlaxoSniffKline,Adult,Parobontax,0.025654790201682032,12.771458760263878,33
2024-04-19,GlaxoSniffKline,Adult,Sensofyne Quick Relief,0.8015827641305873,17.61090824465712,151
2024-04-19,Precter & Jangle,Adult,Cwest Pro-Heels,0.0,11.857831113635285,0
2024-04-19,Precter & Jangle,Adult,Cwest Gum Detoxo,0.8388907003138248,18.35739822450668,4199
2024-04-19,Smolgate-Jalmolive,Adult,Smolgate Optic Wite,0.9402063506155334,10.33000206884706,2668
2024-04-19,Smolgate-Jalmolive,Adult,Smolgate Sensotouch,0.9391476870644284,16.257885568486543,1669
2024-04-19,GlaxoSniffKline,Kids,White Star,0.8286745825290956,19.05285525675129,996
2024-04-19,GlaxoSniffKline,Kids,Ninions,0.9634995422650667,17.01480067107265,3242
2024-04-19,Precter & Jangle,Kids,Cwest HyperMan,0.0,10.930132038337565,0
2024-04-19,Precter & Jangle,Kids,Cwest Happy baby,0.9170745812713978,11.211608333817678,1605
2024-04-19,Smolgate-Jalmolive,Kids,Smolgate Total,0.0,17.59144196566276,0
2024-04-19,Smolgate-Jalmolive,Kids,Smolgate Baby Wish,0.8876414396778494,17.187911382583636,183
2024-04-26,GlaxoSniffKline,Adult,Parobontax,0.01564096545054032,12.771458760263878,23
2024-04-26,GlaxoSniffKline,Adult,Sensofyne Quick Relief,0.857187694513998,17.61090824465712,141
2024-04-26,Precter & Jangle,Adult,Cwest Pro-Heels,0.0,11.857831113635285,0
2024-04-26,Precter & Jangle,Adult,Cwest Gum Detoxo,0.941053051647465,18.35739822450668,4600
2024-04-26,Smolgate-Jalmolive,Adult,Smolgate Optic Wite,0.9905910998515319,10.33000206884706,2698
2024-04-26,Smolgate-Jalmolive,Adult,Smolgate Sensotouch,0.9827869023227389,16.257885568486543,1661
2024-04-26,GlaxoSniffKline,Kids,White Star,0.8772289576636769,19.05285525675129,1151
2024-04-26,GlaxoSniffKline,Kids,Ninions,0.9269014203144426,17.01480067107265,2874
2024-04-26,Precter & Jangle,Kids,Cwest HyperMan,0.0,10.930132038337565,0
2024-04-26,Precter & Jangle,Kids,Cwest Happy baby,0.8904547958917718,11.211608333817678,1505
2024-04-26,Smolgate-Jalmolive,Kids,Smolgate Total,0.0,15.832297769096483,0
2024-04-26,Smolgate-Jalmolive,Kids,Smolgate Baby Wish,0.8670125026132603,17.187911382583636,178
2024-05-03,GlaxoSniffKline,Adult,Parobontax,0.010926381872645876,12.771458760263878,10
2024-05-03,GlaxoSniffKline,Adult,Sensofyne Quick Relief,0.9003350885062914,18.49145365688998,155
2024-05-03,Precter & Jangle,Adult,Cwest Pro-Heels,0.0,11.857831113635285,0
2024-05-03,Precter & Jangle,Adult,Cwest Gum Detoxo,0.8639471105812475,18.35739822450668,4522
2024-05-03,Smolgate-Jalmolive,Adult,Smolgate Optic Wite,0.8482750643217689,10.33000206884706,2365
2024-05-03,Smolgate-Jalmolive,Adult,Smolgate Sensotouch,0.9473184829445362,16.257885568486543,1805
2024-05-03,GlaxoSniffKline,Kids,White Star,0.8683081627054743,19.05285525675129,1102
2024-05-03,GlaxoSniffKline,Kids,Ninions,0.9503578960083502,17.01480067107265,3062
2024-05-03,Precter & Jangle,Kids,Cwest HyperMan,0.0,10.930132038337565,0
2024-05-03,Precter & Jangle,Kids,Cwest Happy baby,0.9310894489522421,11.211608333817678,1686
2024-05-03,Smolgate-Jalmolive,Kids,Smolgate Total,0.0,17.59144196566276,0
2024-05-03,Smolgate-Jalmolive,Kids,Smolgate Baby Wish,0.8999399305512872,17.187911382583636,208
2024-05-10,GlaxoSniffKline,Adult,Parobontax,0.0,12.771458760263878,0
2024-05-10,GlaxoSniffKline,Adult,Sensofyne Quick Relief,0.9796745878082083,19.37199906912284,156
2024-05-10,Precter & Jangle,Adult,Cwest Pro-Heels,0.0,11.857831113635285,0
2024-05-10,Precter & Jangle,Adult,Cwest Gum Detoxo,0.9675643317275683,18.35739822450668,5112
2024-05-10,Smolgate-Jalmolive,Adult,Smolgate Optic Wite,0.8144120455277434,10.33000206884706,2179
2024-05-10,Smolgate-Jalmolive,Adult,Smolgate Sensotouch,0.919882190284059,16.257885568486543,1586
2024-05-10,GlaxoSniffKline,Kids,White Star,0.9419269386501006,19.05285525675129,1362
2024-05-10,GlaxoSniffKline,Kids,Ninions,0.9059534545689476,17.01480067107265,2627
2024-05-10,Precter & Jangle,Kids,Cwest HyperMan,0.0,10.930132038337565,0
2024-05-10,Precter & Jangle,Kids,Cwest Happy baby,0.9643706672573454,11.211608333817678,1783
2024-05-10,Smolgate-Jalmolive,Kids,Smolgate Total,0.0,17.59144196566276,0
2024-05-10,Smolgate-Jalmolive,Kids,Smolgate Baby Wish,0.924375014357545,17.187911382583636,195
